,KEY,FREQ,CURRENCY,CURRENCY_DENOM,EXR_TYPE,EXR_SUFFIX,TIME_PERIOD,OBS_VALUE,OBS_STATUS,OBS_CONF,OBS_PRE_BREAK,OBS_COM,TIME_FORMAT,BREAKS,COLLECTION,COMPILING_ORG,DISS_ORG,DOM_SER_IDS,PUBL_ECB,PUBL_MU,PUBL_PUBLIC,UNIT_INDEX_BASE,COMPILATION,COVERAGE,DECIMALS,NAT_TITLE,SOURCE_AGENCY,SOURCE_PUB,TITLE,TITLE_COMPL,UNIT,UNIT_MULT
0,EXR.D.GBP.EUR.SP00.A,D,GBP,EUR,SP00,A,2017-01-02,0.8514,A,,,,P1D,,A,,,,,,,99Q1=100,,,5,,4F0,,Pound sterling/Euro ECB reference exchange rate,"ECB reference exchange rate, Pound sterling/Euro, 2.15 pm (C.E.T.)",GBP,0
1,EXR.D.GBP.EUR.SP00.A,D,GBP,EUR,SP00,A,2017-01-03,0.84565,A,,,,P1D,,A,,,,,,,99Q1=100,,,5,,4F0,,Pound sterling/Euro ECB reference exchange rate,"ECB reference exchange rate, Pound sterling/Euro, 2.15 pm (C.E.T.)",GBP,0
2,EXR.D.GBP.EUR.SP00.A,D,GBP,EUR,SP00,A,2017-01-04,0.84945,A,,,,P1D,,A,,,,,,,99Q1=100,,,5,,4F0,,Pound sterling/Euro ECB reference exchange rate,"ECB reference exchange rate, Pound sterling/Euro, 2.15 pm (C.E.T.)",GBP,0
3,EXR.D.GBP.EUR.SP00.A,D,GBP,EUR,SP00,A,2017-01-05,0.8544,A,,,,P1D,,A,,,,,,,99Q1=100,,,5,,4F0,,Pound sterling/Euro ECB reference exchange rate,"ECB reference exchange rate, Pound sterling/Euro, 2.15 pm (C.E.T.)",GBP,0
4,EXR.D.GBP.EUR.SP00.A,D,GBP,EUR,SP00,A,2017-01-06,0.85648,A,,,,P1D,,A,,,,,,,99Q1=100,,,5,,4F0,,Pound sterling/Euro ECB reference exchange rate,"ECB reference exchange rate, Pound sterling/Euro, 2.15 pm (C.E.T.)",GBP,0
5,EXR.D.GBP.EUR.SP00.A,D,GBP,EUR,SP00,A,2017-01-09,0.8666,A,,,,P1D,,A,,,,,,,99Q1=100,,,5,,4F0,,Pound sterling/Euro ECB reference exchange rate,"ECB reference exchange rate, Pound sterling/Euro, 2.15 pm (C.E.T.)",GBP,0
6,EXR.D.GBP.EUR.SP00.A,D,GBP,EUR,SP00,A,2017-01-10,0.8694,A,,,,P1D,,A,,,,,,,99Q1=100,,,5,,4F0,,Pound sterling/Euro ECB reference exchange rate,"ECB reference exchange rate, Pound sterling/Euro, 2.15 pm (C.E.T.)",GBP,0
7,EXR.D.GBP.EUR.SP00.A,D,GBP,EUR,SP00,A,2017-01-11,0.86725,A,,,,P1D,,A,,,,,,,99Q1=100,,,5,,4F0,,Pound sterling/Euro ECB reference exchange rate,"ECB reference exchange rate, Pound sterling/Euro, 2.15 pm (C.E.T.)",GBP,0
8,EXR.D.GBP.EUR.SP00.A,D,GBP,EUR,SP00,A,2017-01-12,0.86843,A,,,,P1D,,A,,,,,,,99Q1=100,,,5,,4F0,,Pound sterling/Euro ECB reference exchange rate,"ECB reference exchange rate, Pound sterling/Euro, 2.15 pm (C.E.T.)",GBP,0
9,EXR.D.GBP.EUR.SP00.A,D,GBP,EUR,SP00,A,2017-01-13,0.87548,A,,,,P1D,,A,,,,,,,99Q1=100,,,5,,4F0,,Pound sterling/Euro ECB reference exchange rate,"ECB reference exchange rate, Pound sterling/Euro, 2.15 pm (C.E.T.)",GBP,0
10,EXR.D.GBP.EUR.SP00.A,D,GBP,EUR,SP00,A,2017-01-16,0.87808,A,,,,P1D,,A,,,,,,,99Q1=100,,,5,,4F0,,Pound sterling/Euro ECB reference exchange rate,"ECB reference exchange rate, Pound sterling/Euro, 2.15 pm (C.E.T.)",GBP,0
11,EXR.D.GBP.EUR.SP00.A,D,GBP,EUR,SP00,A,2017-01-17,0.8679,A,,,,P1D,,A,,,,,,,99Q1=100,,,5,,4F0,,Pound sterling/Euro ECB reference exchange rate,"ECB reference exchange rate, Pound sterling/Euro, 2.15 pm (C.E.T.)",GBP,0
12,EXR.D.GBP.EUR.SP00.A,D,GBP,EUR,SP00,A,2017-01-18,0.86833,A,,,,P1D,,A,,,,,,,99Q1=100,,,5,,4F0,,Pound sterling/Euro ECB reference exchange rate,"ECB reference exchange rate, Pound sterling/Euro, 2.15 pm (C.E.T.)",GBP,0
13,EXR.D.GBP.EUR.SP00.A,D,GBP,EUR,SP00,A,2017-01-19,0.86555,A,,,,P1D,,A,,,,,,,99Q1=100,,,5,,4F0,,Pound sterling/Euro ECB reference exchange rate,"ECB reference exchange rate, Pound sterling/Euro, 2.15 pm (C.E.T.)",GBP,0
14,EXR.D.GBP.EUR.SP00.A,D,GBP,EUR,SP00,A,2017-01-20,0.86595,A,,,,P1D,,A,,,,,,,99Q1=100,,,5,,4F0,,Pound sterling/Euro ECB reference exchange rate,"ECB reference exchange rate, Pound sterling/Euro, 2.15 pm (C.E.T.)",GBP,0
15,EXR.D.GBP.EUR.SP00.A,D,GBP,EUR,SP00,A,2017-01-23,0.86148,A,,,,P1D,,A,,,,,,,99Q1=100,,,5,,4F0,,Pound sterling/Euro ECB reference exchange rate,"ECB reference exchange rate, Pound sterling/Euro, 2.15 pm (C.E.T.)",GBP,0
16,EXR.D.GBP.EUR.SP00.A,D,GBP,EUR,SP00,A,2017-01-24,0.8635,A,,,,P1D,,A,,,,,,,99Q1=100,,,5,,4F0,,Pound sterling/Euro ECB reference exchange rate,"ECB reference exchange rate, Pound sterling/Euro, 2.15 pm (C.E.T.)",GBP,0
17,EXR.D.GBP.EUR.SP00.A,D,GBP,EUR,SP00,A,2017-01-25,0.85323,A,,,,P1D,,A,,,,,,,99Q1=100,,,5,,4F0,,Pound sterling/Euro ECB reference exchange rate,"ECB reference exchange rate, Pound sterling/Euro, 2.15 pm (C.E.T.)",GBP,0
18,EXR.D.GBP.EUR.SP00.A,D,GBP,EUR,SP00,A,2017-01-26,0.85143,A,,,,P1D,,A,,,,,,,99Q1=100,,,5,,4F0,,Pound sterling/Euro ECB reference exchange rate,"ECB reference exchange rate, Pound sterling/Euro, 2.15 pm (C.E.T.)",GBP,0
19,EXR.D.GBP.EUR.SP00.A,D,GBP,EUR,SP00,A,2017-01-27,0.8517,A,,,,P1D,,A,,,,,,,99Q1=100,,,5,,4F0,,Pound sterling/Euro ECB reference exchange rate,"ECB reference exchange rate, Pound sterling/Euro, 2.15 pm (C.E.T.)",GBP,0
20,EXR.D.GBP.EUR.SP00.A,D,GBP,EUR,SP00,A,2017-01-30,0.84935,A,,,,P1D,,A,,,,,,,99Q1=100,,,5,,4F0,,Pound sterling/Euro ECB reference exchange rate,"ECB reference exchange rate, Pound sterling/Euro, 2.15 pm (C.E.T.)",GBP,0
21,EXR.D.GBP.EUR.SP00.A,D,GBP,EUR,SP00,A,2017-01-31,0.86105,A,,,,P1D,,A,,,,,,,99Q1=100,,,5,,4F0,,Pound sterling/Euro ECB reference exchange rate,"ECB reference exchange rate, Pound sterling/Euro, 2.15 pm (C.E.T.)",GBP,0
22,EXR.D.GBP.EUR.SP00.A,D,GBP,EUR,SP00,A,2017-02-01,0.85418,A,,,,P1D,,A,,,,,,,99Q1=100,,,5,,4F0,,Pound sterling/Euro ECB reference exchange rate,"ECB reference exchange rate, Pound sterling/Euro, 2.15 pm (C.E.T.)",GBP,0
23,EXR.D.GBP.EUR.SP00.A,D,GBP,EUR,SP00,A,2017-02-02,0.86068,A,,,,P1D,,A,,,,,,,99Q1=100,,,5,,4F0,,Pound sterling/Euro ECB reference exchange rate,"ECB reference exchange rate, Pound sterling/Euro, 2.15 pm (C.E.T.)",GBP,0
24,EXR.D.GBP.EUR.SP00.A,D,GBP,EUR,SP00,A,2017-02-03,0.86013,A,,,,P1D,,A,,,,,,,99Q1=100,,,5,,4F0,,Pound sterling/Euro ECB reference exchange rate,"ECB reference exchange rate, Pound sterling/Euro, 2.15 pm (C.E.T.)",GBP,0
25,EXR.D.GBP.EUR.SP00.A,D,GBP,EUR,SP00,A,2017-02-06,0.8595,A,,,,P1D,,A,,,,,,,99Q1=100,,,5,,4F0,,Pound sterling/Euro ECB reference exchange rate,"ECB reference exchange rate, Pound sterling/Euro, 2.15 pm (C.E.T.)",GBP,0
26,EXR.D.GBP.EUR.SP00.A,D,GBP,EUR,SP00,A,2017-02-07,0.8633,A,,,,P1D,,A,,,,,,,99Q1=100,,,5,,4F0,,Pound sterling/Euro ECB reference exchange rate,"ECB reference exchange rate, Pound sterling/Euro, 2.15 pm (C.E.T.)",GBP,0
27,EXR.D.GBP.EUR.SP00.A,D,GBP,EUR,SP00,A,2017-02-08,0.85315,A,,,,P1D,,A,,,,,,,99Q1=100,,,5,,4F0,,Pound sterling/Euro ECB reference exchange rate,"ECB reference exchange rate, Pound sterling/Euro, 2.15 pm (C.E.T.)",GBP,0
28,EXR.D.GBP.EUR.SP00.A,D,GBP,EUR,SP00,A,2017-02-09,0.8509,A,,,,P1D,,A,,,,,,,99Q1=100,,,5,,4F0,,Pound sterling/Euro ECB reference exchange rate,"ECB reference exchange rate, Pound sterling/Euro, 2.15 pm (C.E.T.)",GBP,0
29,EXR.D.GBP.EUR.SP00.A,D,GBP,EUR,SP00,A,2017-02-10,0.8529,A,,,,P1D,,A,,,,,,,99Q1=100,,,5,,4F0,,Pound sterling/Euro ECB reference exchange rate,"ECB reference exchange rate, Pound sterling/Euro, 2.15 pm (C.E.T.)",GBP,0
30,EXR.D.GBP.EUR.SP00.A,D,GBP,EUR,SP00,A,2017-02-13,0.8489,A,,,,P1D,,A,,,,,,,99Q1=100,,,5,,4F0,,Pound sterling/Euro ECB reference exchange rate,"ECB reference exchange rate, Pound sterling/Euro, 2.15 pm (C.E.T.)",GBP,0
31,EXR.D.GBP.EUR.SP00.A,D,GBP,EUR,SP00,A,2017-02-14,0.85098,A,,,,P1D,,A,,,,,,,99Q1=100,,,5,,4F0,,Pound sterling/Euro ECB reference exchange rate,"ECB reference exchange rate, Pound sterling/Euro, 2.15 pm (C.E.T.)",GBP,0
32,EXR.D.GBP.EUR.SP00.A,D,GBP,EUR,SP00,A,2017-02-15,0.84998,A,,,,P1D,,A,,,,,,,99Q1=100,,,5,,4F0,,Pound sterling/Euro ECB reference exchange rate,"ECB reference exchange rate, Pound sterling/Euro, 2.15 pm (C.E.T.)",GBP,0
33,EXR.D.GBP.EUR.SP00.A,D,GBP,EUR,SP00,A,2017-02-16,0.8511,A,,,,P1D,,A,,,,,,,99Q1=100,,,5,,4F0,,Pound sterling/Euro ECB reference exchange rate,"ECB reference exchange rate, Pound sterling/Euro, 2.15 pm (C.E.T.)",GBP,0
34,EXR.D.GBP.EUR.SP00.A,D,GBP,EUR,SP00,A,2017-02-17,0.8572,A,,,,P1D,,A,,,,,,,99Q1=100,,,5,,4F0,,Pound sterling/Euro ECB reference exchange rate,"ECB reference exchange rate, Pound sterling/Euro, 2.15 pm (C.E.T.)",GBP,0
35,EXR.D.GBP.EUR.SP00.A,D,GBP,EUR,SP00,A,2017-02-20,0.85145,A,,,,P1D,,A,,,,,,,99Q1=100,,,5,,4F0,,Pound sterling/Euro ECB reference exchange rate,"ECB reference exchange rate, Pound sterling/Euro, 2.15 pm (C.E.T.)",GBP,0
36,EXR.D.GBP.EUR.SP00.A,D,GBP,EUR,SP00,A,2017-02-21,0.8486,A,,,,P1D,,A,,,,,,,99Q1=100,,,5,,4F0,,Pound sterling/Euro ECB reference exchange rate,"ECB reference exchange rate, Pound sterling/Euro, 2.15 pm (C.E.T.)",GBP,0
37,EXR.D.GBP.EUR.SP00.A,D,GBP,EUR,SP00,A,2017-02-22,0.8445,A,,,,P1D,,A,,,,,,,99Q1=100,,,5,,4F0,,Pound sterling/Euro ECB reference exchange rate,"ECB reference exchange rate, Pound sterling/Euro, 2.15 pm (C.E.T.)",GBP,0
38,EXR.D.GBP.EUR.SP00.A,D,GBP,EUR,SP00,A,2017-02-23,0.84628,A,,,,P1D,,A,,,,,,,99Q1=100,,,5,,4F0,,Pound sterling/Euro ECB reference exchange rate,"ECB reference exchange rate, Pound sterling/Euro, 2.15 pm (C.E.T.)",GBP,0
39,EXR.D.GBP.EUR.SP00.A,D,GBP,EUR,SP00,A,2017-02-24,0.84503,A,,,,P1D,,A,,,,,,,99Q1=100,,,5,,4F0,,Pound sterling/Euro ECB reference exchange rate,"ECB reference exchange rate, Pound sterling/Euro, 2.15 pm (C.E.T.)",GBP,0
40,EXR.D.GBP.EUR.SP00.A,D,GBP,EUR,SP00,A,2017-02-27,0.8528,A,,,,P1D,,A,,,,,,,99Q1=100,,,5,,4F0,,Pound sterling/Euro ECB reference exchange rate,"ECB reference exchange rate, Pound sterling/Euro, 2.15 pm (C.E.T.)",GBP,0
41,EXR.D.GBP.EUR.SP00.A,D,GBP,EUR,SP00,A,2017-02-28,0.85305,A,,,,P1D,,A,,,,,,,99Q1=100,,,5,,4F0,,Pound sterling/Euro ECB reference exchange rate,"ECB reference exchange rate, Pound sterling/Euro, 2.15 pm (C.E.T.)",GBP,0
42,EXR.D.GBP.EUR.SP00.A,D,GBP,EUR,SP00,A,2017-03-01,0.8555,A,,,,P1D,,A,,,,,,,99Q1=100,,,5,,4F0,,Pound sterling/Euro ECB reference exchange rate,"ECB reference exchange rate, Pound sterling/Euro, 2.15 pm (C.E.T.)",GBP,0
43,EXR.D.GBP.EUR.SP00.A,D,GBP,EUR,SP00,A,2017-03-02,0.8556,A,,,,P1D,,A,,,,,,,99Q1=100,,,5,,4F0,,Pound sterling/Euro ECB reference exchange rate,"ECB reference exchange rate, Pound sterling/Euro, 2.15 pm (C.E.T.)",GBP,0
44,EXR.D.GBP.EUR.SP00.A,D,GBP,EUR,SP00,A,2017-03-03,0.86355,A,,,,P1D,,A,,,,,,,99Q1=100,,,5,,4F0,,Pound sterling/Euro ECB reference exchange rate,"ECB reference exchange rate, Pound sterling/Euro, 2.15 pm (C.E.T.)",GBP,0
45,EXR.D.GBP.EUR.SP00.A,D,GBP,EUR,SP00,A,2017-03-06,0.863,A,,,,P1D,,A,,,,,,,99Q1=100,,,5,,4F0,,Pound sterling/Euro ECB reference exchange rate,"ECB reference exchange rate, Pound sterling/Euro, 2.15 pm (C.E.T.)",GBP,0
46,EXR.D.GBP.EUR.SP00.A,D,GBP,EUR,SP00,A,2017-03-07,0.8671,A,,,,P1D,,A,,,,,,,99Q1=100,,,5,,4F0,,Pound sterling/Euro ECB reference exchange rate,"ECB reference exchange rate, Pound sterling/Euro, 2.15 pm (C.E.T.)",GBP,0
47,EXR.D.GBP.EUR.SP00.A,D,GBP,EUR,SP00,A,2017-03-08,0.86753,A,,,,P1D,,A,,,,,,,99Q1=100,,,5,,4F0,,Pound sterling/Euro ECB reference exchange rate,"ECB reference exchange rate, Pound sterling/Euro, 2.15 pm (C.E.T.)",GBP,0
48,EXR.D.GBP.EUR.SP00.A,D,GBP,EUR,SP00,A,2017-03-09,0.86653,A,,,,P1D,,A,,,,,,,99Q1=100,,,5,,4F0,,Pound sterling/Euro ECB reference exchange rate,"ECB reference exchange rate, Pound sterling/Euro, 2.15 pm (C.E.T.)",GBP,0
49,EXR.D.GBP.EUR.SP00.A,D,GBP,EUR,SP00,A,2017-03-10,0.8725,A,,,,P1D,,A,,,,,,,99Q1=100,,,5,,4F0,,Pound sterling/Euro ECB reference exchange rate,"ECB reference exchange rate, Pound sterling/Euro, 2.15 pm (C.E.T.)",GBP,0
50,EXR.D.GBP.EUR.SP00.A,D,GBP,EUR,SP00,A,2017-03-13,0.87258,A,,,,P1D,,A,,,,,,,99Q1=100,,,5,,4F0,,Pound sterling/Euro ECB reference exchange rate,"ECB reference exchange rate, Pound sterling/Euro, 2.15 pm (C.E.T.)",GBP,0
51,EXR.D.GBP.EUR.SP00.A,D,GBP,EUR,SP00,A,2017-03-14,0.87563,A,,,,P1D,,A,,,,,,,99Q1=100,,,5,,4F0,,Pound sterling/Euro ECB reference exchange rate,"ECB reference exchange rate, Pound sterling/Euro, 2.15 pm (C.E.T.)",GBP,0
52,EXR.D.GBP.EUR.SP00.A,D,GBP,EUR,SP00,A,2017-03-15,0.87073,A,,,,P1D,,A,,,,,,,99Q1=100,,,5,,4F0,,Pound sterling/Euro ECB reference exchange rate,"ECB reference exchange rate, Pound sterling/Euro, 2.15 pm (C.E.T.)",GBP,0
53,EXR.D.GBP.EUR.SP00.A,D,GBP,EUR,SP00,A,2017-03-16,0.8681,A,,,,P1D,,A,,,,,,,99Q1=100,,,5,,4F0,,Pound sterling/Euro ECB reference exchange rate,"ECB reference exchange rate, Pound sterling/Euro, 2.15 pm (C.E.T.)",GBP,0
54,EXR.D.GBP.EUR.SP00.A,D,GBP,EUR,SP00,A,2017-03-17,0.86868,A,,,,P1D,,A,,,,,,,99Q1=100,,,5,,4F0,,Pound sterling/Euro ECB reference exchange rate,"ECB reference exchange rate, Pound sterling/Euro, 2.15 pm (C.E.T.)",GBP,0
55,EXR.D.GBP.EUR.SP00.A,D,GBP,EUR,SP00,A,2017-03-20,0.86793,A,,,,P1D,,A,,,,,,,99Q1=100,,,5,,4F0,,Pound sterling/Euro ECB reference exchange rate,"ECB reference exchange rate, Pound sterling/Euro, 2.15 pm (C.E.T.)",GBP,0
56,EXR.D.GBP.EUR.SP00.A,D,GBP,EUR,SP00,A,2017-03-21,0.86753,A,,,,P1D,,A,,,,,,,99Q1=100,,,5,,4F0,,Pound sterling/Euro ECB reference exchange rate,"ECB reference exchange rate, Pound sterling/Euro, 2.15 pm (C.E.T.)",GBP,0
57,EXR.D.GBP.EUR.SP00.A,D,GBP,EUR,SP00,A,2017-03-22,0.8679,A,,,,P1D,,A,,,,,,,99Q1=100,,,5,,4F0,,Pound sterling/Euro ECB reference exchange rate,"ECB reference exchange rate, Pound sterling/Euro, 2.15 pm (C.E.T.)",GBP,0
58,EXR.D.GBP.EUR.SP00.A,D,GBP,EUR,SP00,A,2017-03-23,0.86273,A,,,,P1D,,A,,,,,,,99Q1=100,,,5,,4F0,,Pound sterling/Euro ECB reference exchange rate,"ECB reference exchange rate, Pound sterling/Euro, 2.15 pm (C.E.T.)",GBP,0
59,EXR.D.GBP.EUR.SP00.A,D,GBP,EUR,SP00,A,2017-03-24,0.866,A,,,,P1D,,A,,,,,,,99Q1=100,,,5,,4F0,,Pound sterling/Euro ECB reference exchange rate,"ECB reference exchange rate, Pound sterling/Euro, 2.15 pm (C.E.T.)",GBP,0
60,EXR.D.GBP.EUR.SP00.A,D,GBP,EUR,SP00,A,2017-03-27,0.86403,A,,,,P1D,,A,,,,,,,99Q1=100,,,5,,4F0,,Pound sterling/Euro ECB reference exchange rate,"ECB reference exchange rate, Pound sterling/Euro, 2.15 pm (C.E.T.)",GBP,0
61,EXR.D.GBP.EUR.SP00.A,D,GBP,EUR,SP00,A,2017-03-28,0.86455,A,,,,P1D,,A,,,,,,,99Q1=100,,,5,,4F0,,Pound sterling/Euro ECB reference exchange rate,"ECB reference exchange rate, Pound sterling/Euro, 2.15 pm (C.E.T.)",GBP,0
62,EXR.D.GBP.EUR.SP00.A,D,GBP,EUR,SP00,A,2017-03-29,0.86385,A,,,,P1D,,A,,,,,,,99Q1=100,,,5,,4F0,,Pound sterling/Euro ECB reference exchange rate,"ECB reference exchange rate, Pound sterling/Euro, 2.15 pm (C.E.T.)",GBP,0
63,EXR.D.GBP.EUR.SP00.A,D,GBP,EUR,SP00,A,2017-03-30,0.8618,A,,,,P1D,,A,,,,,,,99Q1=100,,,5,,4F0,,Pound sterling/Euro ECB reference exchange rate,"ECB reference exchange rate, Pound sterling/Euro, 2.15 pm (C.E.T.)",GBP,0
64,EXR.D.GBP.EUR.SP00.A,D,GBP,EUR,SP00,A,2017-03-31,0.85553,A,,,,P1D,,A,,,,,,,99Q1=100,,,5,,4F0,,Pound sterling/Euro ECB reference exchange rate,"ECB reference exchange rate, Pound sterling/Euro, 2.15 pm (C.E.T.)",GBP,0
65,EXR.D.GBP.EUR.SP00.A,D,GBP,EUR,SP00,A,2017-04-03,0.8526,A,,,,P1D,,A,,,,,,,99Q1=100,,,5,,4F0,,Pound sterling/Euro ECB reference exchange rate,"ECB reference exchange rate, Pound sterling/Euro, 2.15 pm (C.E.T.)",GBP,0
66,EXR.D.GBP.EUR.SP00.A,D,GBP,EUR,SP00,A,2017-04-04,0.85623,A,,,,P1D,,A,,,,,,,99Q1=100,,,5,,4F0,,Pound sterling/Euro ECB reference exchange rate,"ECB reference exchange rate, Pound sterling/Euro, 2.15 pm (C.E.T.)",GBP,0
67,EXR.D.GBP.EUR.SP00.A,D,GBP,EUR,SP00,A,2017-04-05,0.8551,A,,,,P1D,,A,,,,,,,99Q1=100,,,5,,4F0,,Pound sterling/Euro ECB reference exchange rate,"ECB reference exchange rate, Pound sterling/Euro, 2.15 pm (C.E.T.)",GBP,0
68,EXR.D.GBP.EUR.SP00.A,D,GBP,EUR,SP00,A,2017-04-06,0.8559,A,,,,P1D,,A,,,,,,,99Q1=100,,,5,,4F0,,Pound sterling/Euro ECB reference exchange rate,"ECB reference exchange rate, Pound sterling/Euro, 2.15 pm (C.E.T.)",GBP,0
69,EXR.D.GBP.EUR.SP00.A,D,GBP,EUR,SP00,A,2017-04-07,0.85573,A,,,,P1D,,A,,,,,,,99Q1=100,,,5,,4F0,,Pound sterling/Euro ECB reference exchange rate,"ECB reference exchange rate, Pound sterling/Euro, 2.15 pm (C.E.T.)",GBP,0
70,EXR.D.GBP.EUR.SP00.A,D,GBP,EUR,SP00,A,2017-04-10,0.85335,A,,,,P1D,,A,,,,,,,99Q1=100,,,5,,4F0,,Pound sterling/Euro ECB reference exchange rate,"ECB reference exchange rate, Pound sterling/Euro, 2.15 pm (C.E.T.)",GBP,0
71,EXR.D.GBP.EUR.SP00.A,D,GBP,EUR,SP00,A,2017-04-11,0.8533,A,,,,P1D,,A,,,,,,,99Q1=100,,,5,,4F0,,Pound sterling/Euro ECB reference exchange rate,"ECB reference exchange rate, Pound sterling/Euro, 2.15 pm (C.E.T.)",GBP,0
72,EXR.D.GBP.EUR.SP00.A,D,GBP,EUR,SP00,A,2017-04-12,0.8484,A,,,,P1D,,A,,,,,,,99Q1=100,,,5,,4F0,,Pound sterling/Euro ECB reference exchange rate,"ECB reference exchange rate, Pound sterling/Euro, 2.15 pm (C.E.T.)",GBP,0
73,EXR.D.GBP.EUR.SP00.A,D,GBP,EUR,SP00,A,2017-04-13,0.84763,A,,,,P1D,,A,,,,,,,99Q1=100,,,5,,4F0,,Pound sterling/Euro ECB reference exchange rate,"ECB reference exchange rate, Pound sterling/Euro, 2.15 pm (C.E.T.)",GBP,0
74,EXR.D.GBP.EUR.SP00.A,D,GBP,EUR,SP00,A,2017-04-18,0.84375,A,,,,P1D,,A,,,,,,,99Q1=100,,,5,,4F0,,Pound sterling/Euro ECB reference exchange rate,"ECB reference exchange rate, Pound sterling/Euro, 2.15 pm (C.E.T.)",GBP,0
75,EXR.D.GBP.EUR.SP00.A,D,GBP,EUR,SP00,A,2017-04-19,0.8343,A,,,,P1D,,A,,,,,,,99Q1=100,,,5,,4F0,,Pound sterling/Euro ECB reference exchange rate,"ECB reference exchange rate, Pound sterling/Euro, 2.15 pm (C.E.T.)",GBP,0
76,EXR.D.GBP.EUR.SP00.A,D,GBP,EUR,SP00,A,2017-04-20,0.8392,A,,,,P1D,,A,,,,,,,99Q1=100,,,5,,4F0,,Pound sterling/Euro ECB reference exchange rate,"ECB reference exchange rate, Pound sterling/Euro, 2.15 pm (C.E.T.)",GBP,0
77,EXR.D.GBP.EUR.SP00.A,D,GBP,EUR,SP00,A,2017-04-21,0.8372,A,,,,P1D,,A,,,,,,,99Q1=100,,,5,,4F0,,Pound sterling/Euro ECB reference exchange rate,"ECB reference exchange rate, Pound sterling/Euro, 2.15 pm (C.E.T.)",GBP,0
78,EXR.D.GBP.EUR.SP00.A,D,GBP,EUR,SP00,A,2017-04-24,0.8483,A,,,,P1D,,A,,,,,,,99Q1=100,,,5,,4F0,,Pound sterling/Euro ECB reference exchange rate,"ECB reference exchange rate, Pound sterling/Euro, 2.15 pm (C.E.T.)",GBP,0
79,EXR.D.GBP.EUR.SP00.A,D,GBP,EUR,SP00,A,2017-04-25,0.84928,A,,,,P1D,,A,,,,,,,99Q1=100,,,5,,4F0,,Pound sterling/Euro ECB reference exchange rate,"ECB reference exchange rate, Pound sterling/Euro, 2.15 pm (C.E.T.)",GBP,0
80,EXR.D.GBP.EUR.SP00.A,D,GBP,EUR,SP00,A,2017-04-26,0.84903,A,,,,P1D,,A,,,,,,,99Q1=100,,,5,,4F0,,Pound sterling/Euro ECB reference exchange rate,"ECB reference exchange rate, Pound sterling/Euro, 2.15 pm (C.E.T.)",GBP,0
81,EXR.D.GBP.EUR.SP00.A,D,GBP,EUR,SP00,A,2017-04-27,0.8442,A,,,,P1D,,A,,,,,,,99Q1=100,,,5,,4F0,,Pound sterling/Euro ECB reference exchange rate,"ECB reference exchange rate, Pound sterling/Euro, 2.15 pm (C.E.T.)",GBP,0
82,EXR.D.GBP.EUR.SP00.A,D,GBP,EUR,SP00,A,2017-04-28,0.84473,A,,,,P1D,,A,,,,,,,99Q1=100,,,5,,4F0,,Pound sterling/Euro ECB reference exchange rate,"ECB reference exchange rate, Pound sterling/Euro, 2.15 pm (C.E.T.)",GBP,0
83,EXR.D.GBP.EUR.SP00.A,D,GBP,EUR,SP00,A,2017-05-02,0.8452,A,,,,P1D,,A,,,,,,,99Q1=100,,,5,,4F0,,Pound sterling/Euro ECB reference exchange rate,"ECB reference exchange rate, Pound sterling/Euro, 2.15 pm (C.E.T.)",GBP,0
84,EXR.D.GBP.EUR.SP00.A,D,GBP,EUR,SP00,A,2017-05-03,0.8444,A,,,,P1D,,A,,,,,,,99Q1=100,,,5,,4F0,,Pound sterling/Euro ECB reference exchange rate,"ECB reference exchange rate, Pound sterling/Euro, 2.15 pm (C.E.T.)",GBP,0
85,EXR.D.GBP.EUR.SP00.A,D,GBP,EUR,SP00,A,2017-05-04,0.84765,A,,,,P1D,,A,,,,,,,99Q1=100,,,5,,4F0,,Pound sterling/Euro ECB reference exchange rate,"ECB reference exchange rate, Pound sterling/Euro, 2.15 pm (C.E.T.)",GBP,0
86,EXR.D.GBP.EUR.SP00.A,D,GBP,EUR,SP00,A,2017-05-05,0.8471,A,,,,P1D,,A,,,,,,,99Q1=100,,,5,,4F0,,Pound sterling/Euro ECB reference exchange rate,"ECB reference exchange rate, Pound sterling/Euro, 2.15 pm (C.E.T.)",GBP,0
87,EXR.D.GBP.EUR.SP00.A,D,GBP,EUR,SP00,A,2017-05-08,0.84465,A,,,,P1D,,A,,,,,,,99Q1=100,,,5,,4F0,,Pound sterling/Euro ECB reference exchange rate,"ECB reference exchange rate, Pound sterling/Euro, 2.15 pm (C.E.T.)",GBP,0
88,EXR.D.GBP.EUR.SP00.A,D,GBP,EUR,SP00,A,2017-05-09,0.843,A,,,,P1D,,A,,,,,,,99Q1=100,,,5,,4F0,,Pound sterling/Euro ECB reference exchange rate,"ECB reference exchange rate, Pound sterling/Euro, 2.15 pm (C.E.T.)",GBP,0
89,EXR.D.GBP.EUR.SP00.A,D,GBP,EUR,SP00,A,2017-05-10,0.83985,A,,,,P1D,,A,,,,,,,99Q1=100,,,5,,4F0,,Pound sterling/Euro ECB reference exchange rate,"ECB reference exchange rate, Pound sterling/Euro, 2.15 pm (C.E.T.)",GBP,0
90,EXR.D.GBP.EUR.SP00.A,D,GBP,EUR,SP00,A,2017-05-11,0.84485,A,,,,P1D,,A,,,,,,,99Q1=100,,,5,,4F0,,Pound sterling/Euro ECB reference exchange rate,"ECB reference exchange rate, Pound sterling/Euro, 2.15 pm (C.E.T.)",GBP,0
91,EXR.D.GBP.EUR.SP00.A,D,GBP,EUR,SP00,A,2017-05-12,0.84588,A,,,,P1D,,A,,,,,,,99Q1=100,,,5,,4F0,,Pound sterling/Euro ECB reference exchange rate,"ECB reference exchange rate, Pound sterling/Euro, 2.15 pm (C.E.T.)",GBP,0
92,EXR.D.GBP.EUR.SP00.A,D,GBP,EUR,SP00,A,2017-05-15,0.84928,A,,,,P1D,,A,,,,,,,99Q1=100,,,5,,4F0,,Pound sterling/Euro ECB reference exchange rate,"ECB reference exchange rate, Pound sterling/Euro, 2.15 pm (C.E.T.)",GBP,0
93,EXR.D.GBP.EUR.SP00.A,D,GBP,EUR,SP00,A,2017-05-16,0.85868,A,,,,P1D,,A,,,,,,,99Q1=100,,,5,,4F0,,Pound sterling/Euro ECB reference exchange rate,"ECB reference exchange rate, Pound sterling/Euro, 2.15 pm (C.E.T.)",GBP,0
94,EXR.D.GBP.EUR.SP00.A,D,GBP,EUR,SP00,A,2017-05-17,0.85745,A,,,,P1D,,A,,,,,,,99Q1=100,,,5,,4F0,,Pound sterling/Euro ECB reference exchange rate,"ECB reference exchange rate, Pound sterling/Euro, 2.15 pm (C.E.T.)",GBP,0
95,EXR.D.GBP.EUR.SP00.A,D,GBP,EUR,SP00,A,2017-05-18,0.85363,A,,,,P1D,,A,,,,,,,99Q1=100,,,5,,4F0,,Pound sterling/Euro ECB reference exchange rate,"ECB reference exchange rate, Pound sterling/Euro, 2.15 pm (C.E.T.)",GBP,0
96,EXR.D.GBP.EUR.SP00.A,D,GBP,EUR,SP00,A,2017-05-19,0.85908,A,,,,P1D,,A,,,,,,,99Q1=100,,,5,,4F0,,Pound sterling/Euro ECB reference exchange rate,"ECB reference exchange rate, Pound sterling/Euro, 2.15 pm (C.E.T.)",GBP,0
97,EXR.D.GBP.EUR.SP00.A,D,GBP,EUR,SP00,A,2017-05-22,0.86353,A,,,,P1D,,A,,,,,,,99Q1=100,,,5,,4F0,,Pound sterling/Euro ECB reference exchange rate,"ECB reference exchange rate, Pound sterling/Euro, 2.15 pm (C.E.T.)",GBP,0
98,EXR.D.GBP.EUR.SP00.A,D,GBP,EUR,SP00,A,2017-05-23,0.86463,A,,,,P1D,,A,,,,,,,99Q1=100,,,5,,4F0,,Pound sterling/Euro ECB reference exchange rate,"ECB reference exchange rate, Pound sterling/Euro, 2.15 pm (C.E.T.)",GBP,0
99,EXR.D.GBP.EUR.SP00.A,D,GBP,EUR,SP00,A,2017-05-24,0.8634,A,,,,P1D,,A,,,,,,,99Q1=100,,,5,,4F0,,Pound sterling/Euro ECB reference exchange rate,"ECB reference exchange rate, Pound sterling/Euro, 2.15 pm (C.E.T.)",GBP,0
100,EXR.D.GBP.EUR.SP00.A,D,GBP,EUR,SP00,A,2017-05-25,0.86528,A,,,,P1D,,A,,,,,,,99Q1=100,,,5,,4F0,,Pound sterling/Euro ECB reference exchange rate,"ECB reference exchange rate, Pound sterling/Euro, 2.15 pm (C.E.T.)",GBP,0
101,EXR.D.GBP.EUR.SP00.A,D,GBP,EUR,SP00,A,2017-05-26,0.8719,A,,,,P1D,,A,,,,,,,99Q1=100,,,5,,4F0,,Pound sterling/Euro ECB reference exchange rate,"ECB reference exchange rate, Pound sterling/Euro, 2.15 pm (C.E.T.)",GBP,0
102,EXR.D.GBP.EUR.SP00.A,D,GBP,EUR,SP00,A,2017-05-29,0.87093,A,,,,P1D,,A,,,,,,,99Q1=100,,,5,,4F0,,Pound sterling/Euro ECB reference exchange rate,"ECB reference exchange rate, Pound sterling/Euro, 2.15 pm (C.E.T.)",GBP,0
103,EXR.D.GBP.EUR.SP00.A,D,GBP,EUR,SP00,A,2017-05-30,0.86793,A,,,,P1D,,A,,,,,,,99Q1=100,,,5,,4F0,,Pound sterling/Euro ECB reference exchange rate,"ECB reference exchange rate, Pound sterling/Euro, 2.15 pm (C.E.T.)",GBP,0
104,EXR.D.GBP.EUR.SP00.A,D,GBP,EUR,SP00,A,2017-05-31,0.87365,A,,,,P1D,,A,,,,,,,99Q1=100,,,5,,4F0,,Pound sterling/Euro ECB reference exchange rate,"ECB reference exchange rate, Pound sterling/Euro, 2.15 pm (C.E.T.)",GBP,0
105,EXR.D.GBP.EUR.SP00.A,D,GBP,EUR,SP00,A,2017-06-01,0.8723,A,,,,P1D,,A,,,,,,,99Q1=100,,,5,,4F0,,Pound sterling/Euro ECB reference exchange rate,"ECB reference exchange rate, Pound sterling/Euro, 2.15 pm (C.E.T.)",GBP,0
106,EXR.D.GBP.EUR.SP00.A,D,GBP,EUR,SP00,A,2017-06-02,0.87268,A,,,,P1D,,A,,,,,,,99Q1=100,,,5,,4F0,,Pound sterling/Euro ECB reference exchange rate,"ECB reference exchange rate, Pound sterling/Euro, 2.15 pm (C.E.T.)",GBP,0
107,EXR.D.GBP.EUR.SP00.A,D,GBP,EUR,SP00,A,2017-06-05,0.8713,A,,,,P1D,,A,,,,,,,99Q1=100,,,5,,4F0,,Pound sterling/Euro ECB reference exchange rate,"ECB reference exchange rate, Pound sterling/Euro, 2.15 pm (C.E.T.)",GBP,0
108,EXR.D.GBP.EUR.SP00.A,D,GBP,EUR,SP00,A,2017-06-06,0.8723,A,,,,P1D,,A,,,,,,,99Q1=100,,,5,,4F0,,Pound sterling/Euro ECB reference exchange rate,"ECB reference exchange rate, Pound sterling/Euro, 2.15 pm (C.E.T.)",GBP,0
109,EXR.D.GBP.EUR.SP00.A,D,GBP,EUR,SP00,A,2017-06-07,0.86908,A,,,,P1D,,A,,,,,,,99Q1=100,,,5,,4F0,,Pound sterling/Euro ECB reference exchange rate,"ECB reference exchange rate, Pound sterling/Euro, 2.15 pm (C.E.T.)",GBP,0
110,EXR.D.GBP.EUR.SP00.A,D,GBP,EUR,SP00,A,2017-06-08,0.86755,A,,,,P1D,,A,,,,,,,99Q1=100,,,5,,4F0,,Pound sterling/Euro ECB reference exchange rate,"ECB reference exchange rate, Pound sterling/Euro, 2.15 pm (C.E.T.)",GBP,0
111,EXR.D.GBP.EUR.SP00.A,D,GBP,EUR,SP00,A,2017-06-09,0.87638,A,,,,P1D,,A,,,,,,,99Q1=100,,,5,,4F0,,Pound sterling/Euro ECB reference exchange rate,"ECB reference exchange rate, Pound sterling/Euro, 2.15 pm (C.E.T.)",GBP,0
112,EXR.D.GBP.EUR.SP00.A,D,GBP,EUR,SP00,A,2017-06-12,0.88545,A,,,,P1D,,A,,,,,,,99Q1=100,,,5,,4F0,,Pound sterling/Euro ECB reference exchange rate,"ECB reference exchange rate, Pound sterling/Euro, 2.15 pm (C.E.T.)",GBP,0
113,EXR.D.GBP.EUR.SP00.A,D,GBP,EUR,SP00,A,2017-06-13,0.88075,A,,,,P1D,,A,,,,,,,99Q1=100,,,5,,4F0,,Pound sterling/Euro ECB reference exchange rate,"ECB reference exchange rate, Pound sterling/Euro, 2.15 pm (C.E.T.)",GBP,0
114,EXR.D.GBP.EUR.SP00.A,D,GBP,EUR,SP00,A,2017-06-14,0.8796,A,,,,P1D,,A,,,,,,,99Q1=100,,,5,,4F0,,Pound sterling/Euro ECB reference exchange rate,"ECB reference exchange rate, Pound sterling/Euro, 2.15 pm (C.E.T.)",GBP,0
115,EXR.D.GBP.EUR.SP00.A,D,GBP,EUR,SP00,A,2017-06-15,0.8764,A,,,,P1D,,A,,,,,,,99Q1=100,,,5,,4F0,,Pound sterling/Euro ECB reference exchange rate,"ECB reference exchange rate, Pound sterling/Euro, 2.15 pm (C.E.T.)",GBP,0
116,EXR.D.GBP.EUR.SP00.A,D,GBP,EUR,SP00,A,2017-06-16,0.87453,A,,,,P1D,,A,,,,,,,99Q1=100,,,5,,4F0,,Pound sterling/Euro ECB reference exchange rate,"ECB reference exchange rate, Pound sterling/Euro, 2.15 pm (C.E.T.)",GBP,0
117,EXR.D.GBP.EUR.SP00.A,D,GBP,EUR,SP00,A,2017-06-19,0.87518,A,,,,P1D,,A,,,,,,,99Q1=100,,,5,,4F0,,Pound sterling/Euro ECB reference exchange rate,"ECB reference exchange rate, Pound sterling/Euro, 2.15 pm (C.E.T.)",GBP,0
118,EXR.D.GBP.EUR.SP00.A,D,GBP,EUR,SP00,A,2017-06-20,0.88143,A,,,,P1D,,A,,,,,,,99Q1=100,,,5,,4F0,,Pound sterling/Euro ECB reference exchange rate,"ECB reference exchange rate, Pound sterling/Euro, 2.15 pm (C.E.T.)",GBP,0
119,EXR.D.GBP.EUR.SP00.A,D,GBP,EUR,SP00,A,2017-06-21,0.8781,A,,,,P1D,,A,,,,,,,99Q1=100,,,5,,4F0,,Pound sterling/Euro ECB reference exchange rate,"ECB reference exchange rate, Pound sterling/Euro, 2.15 pm (C.E.T.)",GBP,0
120,EXR.D.GBP.EUR.SP00.A,D,GBP,EUR,SP00,A,2017-06-22,0.88168,A,,,,P1D,,A,,,,,,,99Q1=100,,,5,,4F0,,Pound sterling/Euro ECB reference exchange rate,"ECB reference exchange rate, Pound sterling/Euro, 2.15 pm (C.E.T.)",GBP,0
121,EXR.D.GBP.EUR.SP00.A,D,GBP,EUR,SP00,A,2017-06-23,0.87805,A,,,,P1D,,A,,,,,,,99Q1=100,,,5,,4F0,,Pound sterling/Euro ECB reference exchange rate,"ECB reference exchange rate, Pound sterling/Euro, 2.15 pm (C.E.T.)",GBP,0
122,EXR.D.GBP.EUR.SP00.A,D,GBP,EUR,SP00,A,2017-06-26,0.8783,A,,,,P1D,,A,,,,,,,99Q1=100,,,5,,4F0,,Pound sterling/Euro ECB reference exchange rate,"ECB reference exchange rate, Pound sterling/Euro, 2.15 pm (C.E.T.)",GBP,0
123,EXR.D.GBP.EUR.SP00.A,D,GBP,EUR,SP00,A,2017-06-27,0.8837,A,,,,P1D,,A,,,,,,,99Q1=100,,,5,,4F0,,Pound sterling/Euro ECB reference exchange rate,"ECB reference exchange rate, Pound sterling/Euro, 2.15 pm (C.E.T.)",GBP,0
124,EXR.D.GBP.EUR.SP00.A,D,GBP,EUR,SP00,A,2017-06-28,0.88525,A,,,,P1D,,A,,,,,,,99Q1=100,,,5,,4F0,,Pound sterling/Euro ECB reference exchange rate,"ECB reference exchange rate, Pound sterling/Euro, 2.15 pm (C.E.T.)",GBP,0
125,EXR.D.GBP.EUR.SP00.A,D,GBP,EUR,SP00,A,2017-06-29,0.8799,A,,,,P1D,,A,,,,,,,99Q1=100,,,5,,4F0,,Pound sterling/Euro ECB reference exchange rate,"ECB reference exchange rate, Pound sterling/Euro, 2.15 pm (C.E.T.)",GBP,0
126,EXR.D.GBP.EUR.SP00.A,D,GBP,EUR,SP00,A,2017-06-30,0.87933,A,,,,P1D,,A,,,,,,,99Q1=100,,,5,,4F0,,Pound sterling/Euro ECB reference exchange rate,"ECB reference exchange rate, Pound sterling/Euro, 2.15 pm (C.E.T.)",GBP,0
127,EXR.D.GBP.EUR.SP00.A,D,GBP,EUR,SP00,A,2017-07-03,0.87705,A,,,,P1D,,A,,,,,,,99Q1=100,,,5,,4F0,,Pound sterling/Euro ECB reference exchange rate,"ECB reference exchange rate, Pound sterling/Euro, 2.15 pm (C.E.T.)",GBP,0
128,EXR.D.GBP.EUR.SP00.A,D,GBP,EUR,SP00,A,2017-07-04,0.87805,A,,,,P1D,,A,,,,,,,99Q1=100,,,5,,4F0,,Pound sterling/Euro ECB reference exchange rate,"ECB reference exchange rate, Pound sterling/Euro, 2.15 pm (C.E.T.)",GBP,0
129,EXR.D.GBP.EUR.SP00.A,D,GBP,EUR,SP00,A,2017-07-05,0.87735,A,,,,P1D,,A,,,,,,,99Q1=100,,,5,,4F0,,Pound sterling/Euro ECB reference exchange rate,"ECB reference exchange rate, Pound sterling/Euro, 2.15 pm (C.E.T.)",GBP,0
130,EXR.D.GBP.EUR.SP00.A,D,GBP,EUR,SP00,A,2017-07-06,0.88013,A,,,,P1D,,A,,,,,,,99Q1=100,,,5,,4F0,,Pound sterling/Euro ECB reference exchange rate,"ECB reference exchange rate, Pound sterling/Euro, 2.15 pm (C.E.T.)",GBP,0
131,EXR.D.GBP.EUR.SP00.A,D,GBP,EUR,SP00,A,2017-07-07,0.88488,A,,,,P1D,,A,,,,,,,99Q1=100,,,5,,4F0,,Pound sterling/Euro ECB reference exchange rate,"ECB reference exchange rate, Pound sterling/Euro, 2.15 pm (C.E.T.)",GBP,0
132,EXR.D.GBP.EUR.SP00.A,D,GBP,EUR,SP00,A,2017-07-10,0.88443,A,,,,P1D,,A,,,,,,,99Q1=100,,,5,,4F0,,Pound sterling/Euro ECB reference exchange rate,"ECB reference exchange rate, Pound sterling/Euro, 2.15 pm (C.E.T.)",GBP,0
133,EXR.D.GBP.EUR.SP00.A,D,GBP,EUR,SP00,A,2017-07-11,0.88318,A,,,,P1D,,A,,,,,,,99Q1=100,,,5,,4F0,,Pound sterling/Euro ECB reference exchange rate,"ECB reference exchange rate, Pound sterling/Euro, 2.15 pm (C.E.T.)",GBP,0
134,EXR.D.GBP.EUR.SP00.A,D,GBP,EUR,SP00,A,2017-07-12,0.88925,A,,,,P1D,,A,,,,,,,99Q1=100,,,5,,4F0,,Pound sterling/Euro ECB reference exchange rate,"ECB reference exchange rate, Pound sterling/Euro, 2.15 pm (C.E.T.)",GBP,0
135,EXR.D.GBP.EUR.SP00.A,D,GBP,EUR,SP00,A,2017-07-13,0.88215,A,,,,P1D,,A,,,,,,,99Q1=100,,,5,,4F0,,Pound sterling/Euro ECB reference exchange rate,"ECB reference exchange rate, Pound sterling/Euro, 2.15 pm (C.E.T.)",GBP,0
136,EXR.D.GBP.EUR.SP00.A,D,GBP,EUR,SP00,A,2017-07-14,0.87983,A,,,,P1D,,A,,,,,,,99Q1=100,,,5,,4F0,,Pound sterling/Euro ECB reference exchange rate,"ECB reference exchange rate, Pound sterling/Euro, 2.15 pm (C.E.T.)",GBP,0
137,EXR.D.GBP.EUR.SP00.A,D,GBP,EUR,SP00,A,2017-07-17,0.87755,A,,,,P1D,,A,,,,,,,99Q1=100,,,5,,4F0,,Pound sterling/Euro ECB reference exchange rate,"ECB reference exchange rate, Pound sterling/Euro, 2.15 pm (C.E.T.)",GBP,0
138,EXR.D.GBP.EUR.SP00.A,D,GBP,EUR,SP00,A,2017-07-18,0.8878,A,,,,P1D,,A,,,,,,,99Q1=100,,,5,,4F0,,Pound sterling/Euro ECB reference exchange rate,"ECB reference exchange rate, Pound sterling/Euro, 2.15 pm (C.E.T.)",GBP,0
139,EXR.D.GBP.EUR.SP00.A,D,GBP,EUR,SP00,A,2017-07-19,0.88485,A,,,,P1D,,A,,,,,,,99Q1=100,,,5,,4F0,,Pound sterling/Euro ECB reference exchange rate,"ECB reference exchange rate, Pound sterling/Euro, 2.15 pm (C.E.T.)",GBP,0
140,EXR.D.GBP.EUR.SP00.A,D,GBP,EUR,SP00,A,2017-07-20,0.88718,A,,,,P1D,,A,,,,,,,99Q1=100,,,5,,4F0,,Pound sterling/Euro ECB reference exchange rate,"ECB reference exchange rate, Pound sterling/Euro, 2.15 pm (C.E.T.)",GBP,0
141,EXR.D.GBP.EUR.SP00.A,D,GBP,EUR,SP00,A,2017-07-21,0.8961,A,,,,P1D,,A,,,,,,,99Q1=100,,,5,,4F0,,Pound sterling/Euro ECB reference exchange rate,"ECB reference exchange rate, Pound sterling/Euro, 2.15 pm (C.E.T.)",GBP,0
142,EXR.D.GBP.EUR.SP00.A,D,GBP,EUR,SP00,A,2017-07-24,0.8935,A,,,,P1D,,A,,,,,,,99Q1=100,,,5,,4F0,,Pound sterling/Euro ECB reference exchange rate,"ECB reference exchange rate, Pound sterling/Euro, 2.15 pm (C.E.T.)",GBP,0
143,EXR.D.GBP.EUR.SP00.A,D,GBP,EUR,SP00,A,2017-07-25,0.89395,A,,,,P1D,,A,,,,,,,99Q1=100,,,5,,4F0,,Pound sterling/Euro ECB reference exchange rate,"ECB reference exchange rate, Pound sterling/Euro, 2.15 pm (C.E.T.)",GBP,0
144,EXR.D.GBP.EUR.SP00.A,D,GBP,EUR,SP00,A,2017-07-26,0.89275,A,,,,P1D,,A,,,,,,,99Q1=100,,,5,,4F0,,Pound sterling/Euro ECB reference exchange rate,"ECB reference exchange rate, Pound sterling/Euro, 2.15 pm (C.E.T.)",GBP,0
145,EXR.D.GBP.EUR.SP00.A,D,GBP,EUR,SP00,A,2017-07-27,0.88978,A,,,,P1D,,A,,,,,,,99Q1=100,,,5,,4F0,,Pound sterling/Euro ECB reference exchange rate,"ECB reference exchange rate, Pound sterling/Euro, 2.15 pm (C.E.T.)",GBP,0
146,EXR.D.GBP.EUR.SP00.A,D,GBP,EUR,SP00,A,2017-07-28,0.89568,A,,,,P1D,,A,,,,,,,99Q1=100,,,5,,4F0,,Pound sterling/Euro ECB reference exchange rate,"ECB reference exchange rate, Pound sterling/Euro, 2.15 pm (C.E.T.)",GBP,0
147,EXR.D.GBP.EUR.SP00.A,D,GBP,EUR,SP00,A,2017-07-31,0.8942,A,,,,P1D,,A,,,,,,,99Q1=100,,,5,,4F0,,Pound sterling/Euro ECB reference exchange rate,"ECB reference exchange rate, Pound sterling/Euro, 2.15 pm (C.E.T.)",GBP,0
148,EXR.D.GBP.EUR.SP00.A,D,GBP,EUR,SP00,A,2017-08-01,0.8944,A,,,,P1D,,A,,,,,,,99Q1=100,,,5,,4F0,,Pound sterling/Euro ECB reference exchange rate,"ECB reference exchange rate, Pound sterling/Euro, 2.15 pm (C.E.T.)",GBP,0
149,EXR.D.GBP.EUR.SP00.A,D,GBP,EUR,SP00,A,2017-08-02,0.89425,A,,,,P1D,,A,,,,,,,99Q1=100,,,5,,4F0,,Pound sterling/Euro ECB reference exchange rate,"ECB reference exchange rate, Pound sterling/Euro, 2.15 pm (C.E.T.)",GBP,0
150,EXR.D.GBP.EUR.SP00.A,D,GBP,EUR,SP00,A,2017-08-03,0.90318,A,,,,P1D,,A,,,,,,,99Q1=100,,,5,,4F0,,Pound sterling/Euro ECB reference exchange rate,"ECB reference exchange rate, Pound sterling/Euro, 2.15 pm (C.E.T.)",GBP,0
151,EXR.D.GBP.EUR.SP00.A,D,GBP,EUR,SP00,A,2017-08-04,0.9028,A,,,,P1D,,A,,,,,,,99Q1=100,,,5,,4F0,,Pound sterling/Euro ECB reference exchange rate,"ECB reference exchange rate, Pound sterling/Euro, 2.15 pm (C.E.T.)",GBP,0
152,EXR.D.GBP.EUR.SP00.A,D,GBP,EUR,SP00,A,2017-08-07,0.90435,A,,,,P1D,,A,,,,,,,99Q1=100,,,5,,4F0,,Pound sterling/Euro ECB reference exchange rate,"ECB reference exchange rate, Pound sterling/Euro, 2.15 pm (C.E.T.)",GBP,0
153,EXR.D.GBP.EUR.SP00.A,D,GBP,EUR,SP00,A,2017-08-08,0.90678,A,,,,P1D,,A,,,,,,,99Q1=100,,,5,,4F0,,Pound sterling/Euro ECB reference exchange rate,"ECB reference exchange rate, Pound sterling/Euro, 2.15 pm (C.E.T.)",GBP,0
154,EXR.D.GBP.EUR.SP00.A,D,GBP,EUR,SP00,A,2017-08-09,0.90338,A,,,,P1D,,A,,,,,,,99Q1=100,,,5,,4F0,,Pound sterling/Euro ECB reference exchange rate,"ECB reference exchange rate, Pound sterling/Euro, 2.15 pm (C.E.T.)",GBP,0
155,EXR.D.GBP.EUR.SP00.A,D,GBP,EUR,SP00,A,2017-08-10,0.90303,A,,,,P1D,,A,,,,,,,99Q1=100,,,5,,4F0,,Pound sterling/Euro ECB reference exchange rate,"ECB reference exchange rate, Pound sterling/Euro, 2.15 pm (C.E.T.)",GBP,0
156,EXR.D.GBP.EUR.SP00.A,D,GBP,EUR,SP00,A,2017-08-11,0.90645,A,,,,P1D,,A,,,,,,,99Q1=100,,,5,,4F0,,Pound sterling/Euro ECB reference exchange rate,"ECB reference exchange rate, Pound sterling/Euro, 2.15 pm (C.E.T.)",GBP,0
157,EXR.D.GBP.EUR.SP00.A,D,GBP,EUR,SP00,A,2017-08-14,0.90935,A,,,,P1D,,A,,,,,,,99Q1=100,,,5,,4F0,,Pound sterling/Euro ECB reference exchange rate,"ECB reference exchange rate, Pound sterling/Euro, 2.15 pm (C.E.T.)",GBP,0
158,EXR.D.GBP.EUR.SP00.A,D,GBP,EUR,SP00,A,2017-08-15,0.91145,A,,,,P1D,,A,,,,,,,99Q1=100,,,5,,4F0,,Pound sterling/Euro ECB reference exchange rate,"ECB reference exchange rate, Pound sterling/Euro, 2.15 pm (C.E.T.)",GBP,0
159,EXR.D.GBP.EUR.SP00.A,D,GBP,EUR,SP00,A,2017-08-16,0.90993,A,,,,P1D,,A,,,,,,,99Q1=100,,,5,,4F0,,Pound sterling/Euro ECB reference exchange rate,"ECB reference exchange rate, Pound sterling/Euro, 2.15 pm (C.E.T.)",GBP,0
160,EXR.D.GBP.EUR.SP00.A,D,GBP,EUR,SP00,A,2017-08-17,0.90895,A,,,,P1D,,A,,,,,,,99Q1=100,,,5,,4F0,,Pound sterling/Euro ECB reference exchange rate,"ECB reference exchange rate, Pound sterling/Euro, 2.15 pm (C.E.T.)",GBP,0
161,EXR.D.GBP.EUR.SP00.A,D,GBP,EUR,SP00,A,2017-08-18,0.91188,A,,,,P1D,,A,,,,,,,99Q1=100,,,5,,4F0,,Pound sterling/Euro ECB reference exchange rate,"ECB reference exchange rate, Pound sterling/Euro, 2.15 pm (C.E.T.)",GBP,0
162,EXR.D.GBP.EUR.SP00.A,D,GBP,EUR,SP00,A,2017-08-21,0.91318,A,,,,P1D,,A,,,,,,,99Q1=100,,,5,,4F0,,Pound sterling/Euro ECB reference exchange rate,"ECB reference exchange rate, Pound sterling/Euro, 2.15 pm (C.E.T.)",GBP,0
163,EXR.D.GBP.EUR.SP00.A,D,GBP,EUR,SP00,A,2017-08-22,0.91713,A,,,,P1D,,A,,,,,,,99Q1=100,,,5,,4F0,,Pound sterling/Euro ECB reference exchange rate,"ECB reference exchange rate, Pound sterling/Euro, 2.15 pm (C.E.T.)",GBP,0
164,EXR.D.GBP.EUR.SP00.A,D,GBP,EUR,SP00,A,2017-08-23,0.92133,A,,,,P1D,,A,,,,,,,99Q1=100,,,5,,4F0,,Pound sterling/Euro ECB reference exchange rate,"ECB reference exchange rate, Pound sterling/Euro, 2.15 pm (C.E.T.)",GBP,0
165,EXR.D.GBP.EUR.SP00.A,D,GBP,EUR,SP00,A,2017-08-24,0.92,A,,,,P1D,,A,,,,,,,99Q1=100,,,5,,4F0,,Pound sterling/Euro ECB reference exchange rate,"ECB reference exchange rate, Pound sterling/Euro, 2.15 pm (C.E.T.)",GBP,0
166,EXR.D.GBP.EUR.SP00.A,D,GBP,EUR,SP00,A,2017-08-25,0.92083,A,,,,P1D,,A,,,,,,,99Q1=100,,,5,,4F0,,Pound sterling/Euro ECB reference exchange rate,"ECB reference exchange rate, Pound sterling/Euro, 2.15 pm (C.E.T.)",GBP,0
167,EXR.D.GBP.EUR.SP00.A,D,GBP,EUR,SP00,A,2017-08-28,0.92328,A,,,,P1D,,A,,,,,,,99Q1=100,,,5,,4F0,,Pound sterling/Euro ECB reference exchange rate,"ECB reference exchange rate, Pound sterling/Euro, 2.15 pm (C.E.T.)",GBP,0
168,EXR.D.GBP.EUR.SP00.A,D,GBP,EUR,SP00,A,2017-08-29,0.92965,A,,,,P1D,,A,,,,,,,99Q1=100,,,5,,4F0,,Pound sterling/Euro ECB reference exchange rate,"ECB reference exchange rate, Pound sterling/Euro, 2.15 pm (C.E.T.)",GBP,0
169,EXR.D.GBP.EUR.SP00.A,D,GBP,EUR,SP00,A,2017-08-30,0.92246,A,,,,P1D,,A,,,,,,,99Q1=100,,,5,,4F0,,Pound sterling/Euro ECB reference exchange rate,"ECB reference exchange rate, Pound sterling/Euro, 2.15 pm (C.E.T.)",GBP,0
170,EXR.D.GBP.EUR.SP00.A,D,GBP,EUR,SP00,A,2017-08-31,0.91973,A,,,,P1D,,A,,,,,,,99Q1=100,,,5,,4F0,,Pound sterling/Euro ECB reference exchange rate,"ECB reference exchange rate, Pound sterling/Euro, 2.15 pm (C.E.T.)",GBP,0
171,EXR.D.GBP.EUR.SP00.A,D,GBP,EUR,SP00,A,2017-09-01,0.92075,A,,,,P1D,,A,,,,,,,99Q1=100,,,5,,4F0,,Pound sterling/Euro ECB reference exchange rate,"ECB reference exchange rate, Pound sterling/Euro, 2.15 pm (C.E.T.)",GBP,0
172,EXR.D.GBP.EUR.SP00.A,D,GBP,EUR,SP00,A,2017-09-04,0.91855,A,,,,P1D,,A,,,,,,,99Q1=100,,,5,,4F0,,Pound sterling/Euro ECB reference exchange rate,"ECB reference exchange rate, Pound sterling/Euro, 2.15 pm (C.E.T.)",GBP,0
173,EXR.D.GBP.EUR.SP00.A,D,GBP,EUR,SP00,A,2017-09-05,0.9174,A,,,,P1D,,A,,,,,,,99Q1=100,,,5,,4F0,,Pound sterling/Euro ECB reference exchange rate,"ECB reference exchange rate, Pound sterling/Euro, 2.15 pm (C.E.T.)",GBP,0
174,EXR.D.GBP.EUR.SP00.A,D,GBP,EUR,SP00,A,2017-09-06,0.91428,A,,,,P1D,,A,,,,,,,99Q1=100,,,5,,4F0,,Pound sterling/Euro ECB reference exchange rate,"ECB reference exchange rate, Pound sterling/Euro, 2.15 pm (C.E.T.)",GBP,0
175,EXR.D.GBP.EUR.SP00.A,D,GBP,EUR,SP00,A,2017-09-07,0.91403,A,,,,P1D,,A,,,,,,,99Q1=100,,,5,,4F0,,Pound sterling/Euro ECB reference exchange rate,"ECB reference exchange rate, Pound sterling/Euro, 2.15 pm (C.E.T.)",GBP,0
176,EXR.D.GBP.EUR.SP00.A,D,GBP,EUR,SP00,A,2017-09-08,0.91268,A,,,,P1D,,A,,,,,,,99Q1=100,,,5,,4F0,,Pound sterling/Euro ECB reference exchange rate,"ECB reference exchange rate, Pound sterling/Euro, 2.15 pm (C.E.T.)",GBP,0
177,EXR.D.GBP.EUR.SP00.A,D,GBP,EUR,SP00,A,2017-09-11,0.90775,A,,,,P1D,,A,,,,,,,99Q1=100,,,5,,4F0,,Pound sterling/Euro ECB reference exchange rate,"ECB reference exchange rate, Pound sterling/Euro, 2.15 pm (C.E.T.)",GBP,0
178,EXR.D.GBP.EUR.SP00.A,D,GBP,EUR,SP00,A,2017-09-12,0.89878,A,,,,P1D,,A,,,,,,,99Q1=100,,,5,,4F0,,Pound sterling/Euro ECB reference exchange rate,"ECB reference exchange rate, Pound sterling/Euro, 2.15 pm (C.E.T.)",GBP,0
179,EXR.D.GBP.EUR.SP00.A,D,GBP,EUR,SP00,A,2017-09-13,0.90243,A,,,,P1D,,A,,,,,,,99Q1=100,,,5,,4F0,,Pound sterling/Euro ECB reference exchange rate,"ECB reference exchange rate, Pound sterling/Euro, 2.15 pm (C.E.T.)",GBP,0
180,EXR.D.GBP.EUR.SP00.A,D,GBP,EUR,SP00,A,2017-09-14,0.89123,A,,,,P1D,,A,,,,,,,99Q1=100,,,5,,4F0,,Pound sterling/Euro ECB reference exchange rate,"ECB reference exchange rate, Pound sterling/Euro, 2.15 pm (C.E.T.)",GBP,0
181,EXR.D.GBP.EUR.SP00.A,D,GBP,EUR,SP00,A,2017-09-15,0.88043,A,,,,P1D,,A,,,,,,,99Q1=100,,,5,,4F0,,Pound sterling/Euro ECB reference exchange rate,"ECB reference exchange rate, Pound sterling/Euro, 2.15 pm (C.E.T.)",GBP,0
182,EXR.D.GBP.EUR.SP00.A,D,GBP,EUR,SP00,A,2017-09-18,0.88253,A,,,,P1D,,A,,,,,,,99Q1=100,,,5,,4F0,,Pound sterling/Euro ECB reference exchange rate,"ECB reference exchange rate, Pound sterling/Euro, 2.15 pm (C.E.T.)",GBP,0
183,EXR.D.GBP.EUR.SP00.A,D,GBP,EUR,SP00,A,2017-09-19,0.88622,A,,,,P1D,,A,,,,,,,99Q1=100,,,5,,4F0,,Pound sterling/Euro ECB reference exchange rate,"ECB reference exchange rate, Pound sterling/Euro, 2.15 pm (C.E.T.)",GBP,0
184,EXR.D.GBP.EUR.SP00.A,D,GBP,EUR,SP00,A,2017-09-20,0.8868,A,,,,P1D,,A,,,,,,,99Q1=100,,,5,,4F0,,Pound sterling/Euro ECB reference exchange rate,"ECB reference exchange rate, Pound sterling/Euro, 2.15 pm (C.E.T.)",GBP,0
185,EXR.D.GBP.EUR.SP00.A,D,GBP,EUR,SP00,A,2017-09-21,0.8824,A,,,,P1D,,A,,,,,,,99Q1=100,,,5,,4F0,,Pound sterling/Euro ECB reference exchange rate,"ECB reference exchange rate, Pound sterling/Euro, 2.15 pm (C.E.T.)",GBP,0
186,EXR.D.GBP.EUR.SP00.A,D,GBP,EUR,SP00,A,2017-09-22,0.88155,A,,,,P1D,,A,,,,,,,99Q1=100,,,5,,4F0,,Pound sterling/Euro ECB reference exchange rate,"ECB reference exchange rate, Pound sterling/Euro, 2.15 pm (C.E.T.)",GBP,0
187,EXR.D.GBP.EUR.SP00.A,D,GBP,EUR,SP00,A,2017-09-25,0.87938,A,,,,P1D,,A,,,,,,,99Q1=100,,,5,,4F0,,Pound sterling/Euro ECB reference exchange rate,"ECB reference exchange rate, Pound sterling/Euro, 2.15 pm (C.E.T.)",GBP,0
188,EXR.D.GBP.EUR.SP00.A,D,GBP,EUR,SP00,A,2017-09-26,0.87775,A,,,,P1D,,A,,,,,,,99Q1=100,,,5,,4F0,,Pound sterling/Euro ECB reference exchange rate,"ECB reference exchange rate, Pound sterling/Euro, 2.15 pm (C.E.T.)",GBP,0
189,EXR.D.GBP.EUR.SP00.A,D,GBP,EUR,SP00,A,2017-09-27,0.87565,A,,,,P1D,,A,,,,,,,99Q1=100,,,5,,4F0,,Pound sterling/Euro ECB reference exchange rate,"ECB reference exchange rate, Pound sterling/Euro, 2.15 pm (C.E.T.)",GBP,0
190,EXR.D.GBP.EUR.SP00.A,D,GBP,EUR,SP00,A,2017-09-28,0.87635,A,,,,P1D,,A,,,,,,,99Q1=100,,,5,,4F0,,Pound sterling/Euro ECB reference exchange rate,"ECB reference exchange rate, Pound sterling/Euro, 2.15 pm (C.E.T.)",GBP,0
191,EXR.D.GBP.EUR.SP00.A,D,GBP,EUR,SP00,A,2017-09-29,0.88178,A,,,,P1D,,A,,,,,,,99Q1=100,,,5,,4F0,,Pound sterling/Euro ECB reference exchange rate,"ECB reference exchange rate, Pound sterling/Euro, 2.15 pm (C.E.T.)",GBP,0
192,EXR.D.GBP.EUR.SP00.A,D,GBP,EUR,SP00,A,2017-10-02,0.88418,A,,,,P1D,,A,,,,,,,99Q1=100,,,5,,4F0,,Pound sterling/Euro ECB reference exchange rate,"ECB reference exchange rate, Pound sterling/Euro, 2.15 pm (C.E.T.)",GBP,0
193,EXR.D.GBP.EUR.SP00.A,D,GBP,EUR,SP00,A,2017-10-03,0.88793,A,,,,P1D,,A,,,,,,,99Q1=100,,,5,,4F0,,Pound sterling/Euro ECB reference exchange rate,"ECB reference exchange rate, Pound sterling/Euro, 2.15 pm (C.E.T.)",GBP,0
194,EXR.D.GBP.EUR.SP00.A,D,GBP,EUR,SP00,A,2017-10-04,0.88768,A,,,,P1D,,A,,,,,,,99Q1=100,,,5,,4F0,,Pound sterling/Euro ECB reference exchange rate,"ECB reference exchange rate, Pound sterling/Euro, 2.15 pm (C.E.T.)",GBP,0
195,EXR.D.GBP.EUR.SP00.A,D,GBP,EUR,SP00,A,2017-10-05,0.89153,A,,,,P1D,,A,,,,,,,99Q1=100,,,5,,4F0,,Pound sterling/Euro ECB reference exchange rate,"ECB reference exchange rate, Pound sterling/Euro, 2.15 pm (C.E.T.)",GBP,0
196,EXR.D.GBP.EUR.SP00.A,D,GBP,EUR,SP00,A,2017-10-06,0.89535,A,,,,P1D,,A,,,,,,,99Q1=100,,,5,,4F0,,Pound sterling/Euro ECB reference exchange rate,"ECB reference exchange rate, Pound sterling/Euro, 2.15 pm (C.E.T.)",GBP,0
197,EXR.D.GBP.EUR.SP00.A,D,GBP,EUR,SP00,A,2017-10-09,0.89195,A,,,,P1D,,A,,,,,,,99Q1=100,,,5,,4F0,,Pound sterling/Euro ECB reference exchange rate,"ECB reference exchange rate, Pound sterling/Euro, 2.15 pm (C.E.T.)",GBP,0
198,EXR.D.GBP.EUR.SP00.A,D,GBP,EUR,SP00,A,2017-10-10,0.8941,A,,,,P1D,,A,,,,,,,99Q1=100,,,5,,4F0,,Pound sterling/Euro ECB reference exchange rate,"ECB reference exchange rate, Pound sterling/Euro, 2.15 pm (C.E.T.)",GBP,0
199,EXR.D.GBP.EUR.SP00.A,D,GBP,EUR,SP00,A,2017-10-11,0.8971,A,,,,P1D,,A,,,,,,,99Q1=100,,,5,,4F0,,Pound sterling/Euro ECB reference exchange rate,"ECB reference exchange rate, Pound sterling/Euro, 2.15 pm (C.E.T.)",GBP,0
200,EXR.D.GBP.EUR.SP00.A,D,GBP,EUR,SP00,A,2017-10-12,0.90235,A,,,,P1D,,A,,,,,,,99Q1=100,,,5,,4F0,,Pound sterling/Euro ECB reference exchange rate,"ECB reference exchange rate, Pound sterling/Euro, 2.15 pm (C.E.T.)",GBP,0
201,EXR.D.GBP.EUR.SP00.A,D,GBP,EUR,SP00,A,2017-10-13,0.8898,A,,,,P1D,,A,,,,,,,99Q1=100,,,5,,4F0,,Pound sterling/Euro ECB reference exchange rate,"ECB reference exchange rate, Pound sterling/Euro, 2.15 pm (C.E.T.)",GBP,0
202,EXR.D.GBP.EUR.SP00.A,D,GBP,EUR,SP00,A,2017-10-16,0.88753,A,,,,P1D,,A,,,,,,,99Q1=100,,,5,,4F0,,Pound sterling/Euro ECB reference exchange rate,"ECB reference exchange rate, Pound sterling/Euro, 2.15 pm (C.E.T.)",GBP,0
203,EXR.D.GBP.EUR.SP00.A,D,GBP,EUR,SP00,A,2017-10-17,0.89148,A,,,,P1D,,A,,,,,,,99Q1=100,,,5,,4F0,,Pound sterling/Euro ECB reference exchange rate,"ECB reference exchange rate, Pound sterling/Euro, 2.15 pm (C.E.T.)",GBP,0
204,EXR.D.GBP.EUR.SP00.A,D,GBP,EUR,SP00,A,2017-10-18,0.89283,A,,,,P1D,,A,,,,,,,99Q1=100,,,5,,4F0,,Pound sterling/Euro ECB reference exchange rate,"ECB reference exchange rate, Pound sterling/Euro, 2.15 pm (C.E.T.)",GBP,0
205,EXR.D.GBP.EUR.SP00.A,D,GBP,EUR,SP00,A,2017-10-19,0.89815,A,,,,P1D,,A,,,,,,,99Q1=100,,,5,,4F0,,Pound sterling/Euro ECB reference exchange rate,"ECB reference exchange rate, Pound sterling/Euro, 2.15 pm (C.E.T.)",GBP,0
206,EXR.D.GBP.EUR.SP00.A,D,GBP,EUR,SP00,A,2017-10-20,0.89623,A,,,,P1D,,A,,,,,,,99Q1=100,,,5,,4F0,,Pound sterling/Euro ECB reference exchange rate,"ECB reference exchange rate, Pound sterling/Euro, 2.15 pm (C.E.T.)",GBP,0
207,EXR.D.GBP.EUR.SP00.A,D,GBP,EUR,SP00,A,2017-10-23,0.8909,A,,,,P1D,,A,,,,,,,99Q1=100,,,5,,4F0,,Pound sterling/Euro ECB reference exchange rate,"ECB reference exchange rate, Pound sterling/Euro, 2.15 pm (C.E.T.)",GBP,0
208,EXR.D.GBP.EUR.SP00.A,D,GBP,EUR,SP00,A,2017-10-24,0.89303,A,,,,P1D,,A,,,,,,,99Q1=100,,,5,,4F0,,Pound sterling/Euro ECB reference exchange rate,"ECB reference exchange rate, Pound sterling/Euro, 2.15 pm (C.E.T.)",GBP,0
209,EXR.D.GBP.EUR.SP00.A,D,GBP,EUR,SP00,A,2017-10-25,0.88883,A,F,,,P1D,,A,,,,,,,99Q1=100,,,5,,4F0,,Pound sterling/Euro ECB reference exchange rate,"ECB reference exchange rate, Pound sterling/Euro, 2.15 pm (C.E.T.)",GBP,0
210,EXR.D.GBP.EUR.SP00.A,D,GBP,EUR,SP00,A,2017-10-26,0.8901,A,F,,,P1D,,A,,,,,,,99Q1=100,,,5,,4F0,,Pound sterling/Euro ECB reference exchange rate,"ECB reference exchange rate, Pound sterling/Euro, 2.15 pm (C.E.T.)",GBP,0
211,EXR.D.GBP.EUR.SP00.A,D,GBP,EUR,SP00,A,2017-10-27,0.88633,A,F,,,P1D,,A,,,,,,,99Q1=100,,,5,,4F0,,Pound sterling/Euro ECB reference exchange rate,"ECB reference exchange rate, Pound sterling/Euro, 2.15 pm (C.E.T.)",GBP,0
212,EXR.D.GBP.EUR.SP00.A,D,GBP,EUR,SP00,A,2017-10-30,0.8798,A,F,,,P1D,,A,,,,,,,99Q1=100,,,5,,4F0,,Pound sterling/Euro ECB reference exchange rate,"ECB reference exchange rate, Pound sterling/Euro, 2.15 pm (C.E.T.)",GBP,0
213,EXR.D.GBP.EUR.SP00.A,D,GBP,EUR,SP00,A,2017-10-31,0.87853,A,F,,,P1D,,A,,,,,,,99Q1=100,,,5,,4F0,,Pound sterling/Euro ECB reference exchange rate,"ECB reference exchange rate, Pound sterling/Euro, 2.15 pm (C.E.T.)",GBP,0
214,EXR.D.GBP.EUR.SP00.A,D,GBP,EUR,SP00,A,2017-11-01,0.87385,A,F,,,P1D,,A,,,,,,,99Q1=100,,,5,,4F0,,Pound sterling/Euro ECB reference exchange rate,"ECB reference exchange rate, Pound sterling/Euro, 2.15 pm (C.E.T.)",GBP,0
215,EXR.D.GBP.EUR.SP00.A,D,GBP,EUR,SP00,A,2017-11-02,0.8869,A,F,,,P1D,,A,,,,,,,99Q1=100,,,5,,4F0,,Pound sterling/Euro ECB reference exchange rate,"ECB reference exchange rate, Pound sterling/Euro, 2.15 pm (C.E.T.)",GBP,0
216,EXR.D.GBP.EUR.SP00.A,D,GBP,EUR,SP00,A,2017-11-03,0.88923,A,F,,,P1D,,A,,,,,,,99Q1=100,,,5,,4F0,,Pound sterling/Euro ECB reference exchange rate,"ECB reference exchange rate, Pound sterling/Euro, 2.15 pm (C.E.T.)",GBP,0
217,EXR.D.GBP.EUR.SP00.A,D,GBP,EUR,SP00,A,2017-11-06,0.8839,A,F,,,P1D,,A,,,,,,,99Q1=100,,,5,,4F0,,Pound sterling/Euro ECB reference exchange rate,"ECB reference exchange rate, Pound sterling/Euro, 2.15 pm (C.E.T.)",GBP,0
218,EXR.D.GBP.EUR.SP00.A,D,GBP,EUR,SP00,A,2017-11-07,0.88038,A,F,,,P1D,,A,,,,,,,99Q1=100,,,5,,4F0,,Pound sterling/Euro ECB reference exchange rate,"ECB reference exchange rate, Pound sterling/Euro, 2.15 pm (C.E.T.)",GBP,0
219,EXR.D.GBP.EUR.SP00.A,D,GBP,EUR,SP00,A,2017-11-08,0.88405,A,F,,,P1D,,A,,,,,,,99Q1=100,,,5,,4F0,,Pound sterling/Euro ECB reference exchange rate,"ECB reference exchange rate, Pound sterling/Euro, 2.15 pm (C.E.T.)",GBP,0
220,EXR.D.GBP.EUR.SP00.A,D,GBP,EUR,SP00,A,2017-11-09,0.88633,A,F,,,P1D,,A,,,,,,,99Q1=100,,,5,,4F0,,Pound sterling/Euro ECB reference exchange rate,"ECB reference exchange rate, Pound sterling/Euro, 2.15 pm (C.E.T.)",GBP,0
221,EXR.D.GBP.EUR.SP00.A,D,GBP,EUR,SP00,A,2017-11-10,0.8837,A,F,,,P1D,,A,,,,,,,99Q1=100,,,5,,4F0,,Pound sterling/Euro ECB reference exchange rate,"ECB reference exchange rate, Pound sterling/Euro, 2.15 pm (C.E.T.)",GBP,0
222,EXR.D.GBP.EUR.SP00.A,D,GBP,EUR,SP00,A,2017-11-13,0.89018,A,F,,,P1D,,A,,,,,,,99Q1=100,,,5,,4F0,,Pound sterling/Euro ECB reference exchange rate,"ECB reference exchange rate, Pound sterling/Euro, 2.15 pm (C.E.T.)",GBP,0
223,EXR.D.GBP.EUR.SP00.A,D,GBP,EUR,SP00,A,2017-11-14,0.89585,A,F,,,P1D,,A,,,,,,,99Q1=100,,,5,,4F0,,Pound sterling/Euro ECB reference exchange rate,"ECB reference exchange rate, Pound sterling/Euro, 2.15 pm (C.E.T.)",GBP,0
224,EXR.D.GBP.EUR.SP00.A,D,GBP,EUR,SP00,A,2017-11-15,0.8991,A,F,,,P1D,,A,,,,,,,99Q1=100,,,5,,4F0,,Pound sterling/Euro ECB reference exchange rate,"ECB reference exchange rate, Pound sterling/Euro, 2.15 pm (C.E.T.)",GBP,0
225,EXR.D.GBP.EUR.SP00.A,D,GBP,EUR,SP00,A,2017-11-16,0.89183,A,F,,,P1D,,A,,,,,,,99Q1=100,,,5,,4F0,,Pound sterling/Euro ECB reference exchange rate,"ECB reference exchange rate, Pound sterling/Euro, 2.15 pm (C.E.T.)",GBP,0
226,EXR.D.GBP.EUR.SP00.A,D,GBP,EUR,SP00,A,2017-11-17,0.89385,A,F,,,P1D,,A,,,,,,,99Q1=100,,,5,,4F0,,Pound sterling/Euro ECB reference exchange rate,"ECB reference exchange rate, Pound sterling/Euro, 2.15 pm (C.E.T.)",GBP,0
227,EXR.D.GBP.EUR.SP00.A,D,GBP,EUR,SP00,A,2017-11-20,0.8894,A,F,,,P1D,,A,,,,,,,99Q1=100,,,5,,4F0,,Pound sterling/Euro ECB reference exchange rate,"ECB reference exchange rate, Pound sterling/Euro, 2.15 pm (C.E.T.)",GBP,0
228,EXR.D.GBP.EUR.SP00.A,D,GBP,EUR,SP00,A,2017-11-21,0.88498,A,F,,,P1D,,A,,,,,,,99Q1=100,,,5,,4F0,,Pound sterling/Euro ECB reference exchange rate,"ECB reference exchange rate, Pound sterling/Euro, 2.15 pm (C.E.T.)",GBP,0
229,EXR.D.GBP.EUR.SP00.A,D,GBP,EUR,SP00,A,2017-11-22,0.8881,A,F,,,P1D,,A,,,,,,,99Q1=100,,,5,,4F0,,Pound sterling/Euro ECB reference exchange rate,"ECB reference exchange rate, Pound sterling/Euro, 2.15 pm (C.E.T.)",GBP,0
230,EXR.D.GBP.EUR.SP00.A,D,GBP,EUR,SP00,A,2017-11-23,0.89005,A,F,,,P1D,,A,,,,,,,99Q1=100,,,5,,4F0,,Pound sterling/Euro ECB reference exchange rate,"ECB reference exchange rate, Pound sterling/Euro, 2.15 pm (C.E.T.)",GBP,0
231,EXR.D.GBP.EUR.SP00.A,D,GBP,EUR,SP00,A,2017-11-24,0.8912,A,F,,,P1D,,A,,,,,,,99Q1=100,,,5,,4F0,,Pound sterling/Euro ECB reference exchange rate,"ECB reference exchange rate, Pound sterling/Euro, 2.15 pm (C.E.T.)",GBP,0
232,EXR.D.GBP.EUR.SP00.A,D,GBP,EUR,SP00,A,2017-11-27,0.89375,A,F,,,P1D,,A,,,,,,,99Q1=100,,,5,,4F0,,Pound sterling/Euro ECB reference exchange rate,"ECB reference exchange rate, Pound sterling/Euro, 2.15 pm (C.E.T.)",GBP,0
233,EXR.D.GBP.EUR.SP00.A,D,GBP,EUR,SP00,A,2017-11-28,0.89538,A,F,,,P1D,,A,,,,,,,99Q1=100,,,5,,4F0,,Pound sterling/Euro ECB reference exchange rate,"ECB reference exchange rate, Pound sterling/Euro, 2.15 pm (C.E.T.)",GBP,0
234,EXR.D.GBP.EUR.SP00.A,D,GBP,EUR,SP00,A,2017-11-29,0.88293,A,F,,,P1D,,A,,,,,,,99Q1=100,,,5,,4F0,,Pound sterling/Euro ECB reference exchange rate,"ECB reference exchange rate, Pound sterling/Euro, 2.15 pm (C.E.T.)",GBP,0
235,EXR.D.GBP.EUR.SP00.A,D,GBP,EUR,SP00,A,2017-11-30,0.87985,A,F,,,P1D,,A,,,,,,,99Q1=100,,,5,,4F0,,Pound sterling/Euro ECB reference exchange rate,"ECB reference exchange rate, Pound sterling/Euro, 2.15 pm (C.E.T.)",GBP,0
236,EXR.D.GBP.EUR.SP00.A,D,GBP,EUR,SP00,A,2017-12-01,0.88115,A,F,,,P1D,,A,,,,,,,99Q1=100,,,5,,4F0,,Pound sterling/Euro ECB reference exchange rate,"ECB reference exchange rate, Pound sterling/Euro, 2.15 pm (C.E.T.)",GBP,0
237,EXR.D.GBP.EUR.SP00.A,D,GBP,EUR,SP00,A,2017-12-04,0.87725,A,F,,,P1D,,A,,,,,,,99Q1=100,,,5,,4F0,,Pound sterling/Euro ECB reference exchange rate,"ECB reference exchange rate, Pound sterling/Euro, 2.15 pm (C.E.T.)",GBP,0
238,EXR.D.GBP.EUR.SP00.A,D,GBP,EUR,SP00,A,2017-12-05,0.88183,A,F,,,P1D,,A,,,,,,,99Q1=100,,,5,,4F0,,Pound sterling/Euro ECB reference exchange rate,"ECB reference exchange rate, Pound sterling/Euro, 2.15 pm (C.E.T.)",GBP,0
239,EXR.D.GBP.EUR.SP00.A,D,GBP,EUR,SP00,A,2017-12-06,0.88335,A,F,,,P1D,,A,,,,,,,99Q1=100,,,5,,4F0,,Pound sterling/Euro ECB reference exchange rate,"ECB reference exchange rate, Pound sterling/Euro, 2.15 pm (C.E.T.)",GBP,0
240,EXR.D.GBP.EUR.SP00.A,D,GBP,EUR,SP00,A,2017-12-07,0.88068,A,F,,,P1D,,A,,,,,,,99Q1=100,,,5,,4F0,,Pound sterling/Euro ECB reference exchange rate,"ECB reference exchange rate, Pound sterling/Euro, 2.15 pm (C.E.T.)",GBP,0
241,EXR.D.GBP.EUR.SP00.A,D,GBP,EUR,SP00,A,2017-12-08,0.87525,A,F,,,P1D,,A,,,,,,,99Q1=100,,,5,,4F0,,Pound sterling/Euro ECB reference exchange rate,"ECB reference exchange rate, Pound sterling/Euro, 2.15 pm (C.E.T.)",GBP,0
242,EXR.D.GBP.EUR.SP00.A,D,GBP,EUR,SP00,A,2017-12-11,0.8825,A,F,,,P1D,,A,,,,,,,99Q1=100,,,5,,4F0,,Pound sterling/Euro ECB reference exchange rate,"ECB reference exchange rate, Pound sterling/Euro, 2.15 pm (C.E.T.)",GBP,0
243,EXR.D.GBP.EUR.SP00.A,D,GBP,EUR,SP00,A,2017-12-12,0.88068,A,F,,,P1D,,A,,,,,,,99Q1=100,,,5,,4F0,,Pound sterling/Euro ECB reference exchange rate,"ECB reference exchange rate, Pound sterling/Euro, 2.15 pm (C.E.T.)",GBP,0
244,EXR.D.GBP.EUR.SP00.A,D,GBP,EUR,SP00,A,2017-12-13,0.87905,A,F,,,P1D,,A,,,,,,,99Q1=100,,,5,,4F0,,Pound sterling/Euro ECB reference exchange rate,"ECB reference exchange rate, Pound sterling/Euro, 2.15 pm (C.E.T.)",GBP,0
245,EXR.D.GBP.EUR.SP00.A,D,GBP,EUR,SP00,A,2017-12-14,0.88163,A,F,,,P1D,,A,,,,,,,99Q1=100,,,5,,4F0,,Pound sterling/Euro ECB reference exchange rate,"ECB reference exchange rate, Pound sterling/Euro, 2.15 pm (C.E.T.)",GBP,0
246,EXR.D.GBP.EUR.SP00.A,D,GBP,EUR,SP00,A,2017-12-15,0.88253,A,F,,,P1D,,A,,,,,,,99Q1=100,,,5,,4F0,,Pound sterling/Euro ECB reference exchange rate,"ECB reference exchange rate, Pound sterling/Euro, 2.15 pm (C.E.T.)",GBP,0
247,EXR.D.GBP.EUR.SP00.A,D,GBP,EUR,SP00,A,2017-12-18,0.88208,A,F,,,P1D,,A,,,,,,,99Q1=100,,,5,,4F0,,Pound sterling/Euro ECB reference exchange rate,"ECB reference exchange rate, Pound sterling/Euro, 2.15 pm (C.E.T.)",GBP,0
248,EXR.D.GBP.EUR.SP00.A,D,GBP,EUR,SP00,A,2017-12-19,0.885,A,F,,,P1D,,A,,,,,,,99Q1=100,,,5,,4F0,,Pound sterling/Euro ECB reference exchange rate,"ECB reference exchange rate, Pound sterling/Euro, 2.15 pm (C.E.T.)",GBP,0
249,EXR.D.GBP.EUR.SP00.A,D,GBP,EUR,SP00,A,2017-12-20,0.8832,A,F,,,P1D,,A,,,,,,,99Q1=100,,,5,,4F0,,Pound sterling/Euro ECB reference exchange rate,"ECB reference exchange rate, Pound sterling/Euro, 2.15 pm (C.E.T.)",GBP,0
250,EXR.D.GBP.EUR.SP00.A,D,GBP,EUR,SP00,A,2017-12-21,0.88763,A,F,,,P1D,,A,,,,,,,99Q1=100,,,5,,4F0,,Pound sterling/Euro ECB reference exchange rate,"ECB reference exchange rate, Pound sterling/Euro, 2.15 pm (C.E.T.)",GBP,0
251,EXR.D.GBP.EUR.SP00.A,D,GBP,EUR,SP00,A,2017-12-22,0.88568,A,F,,,P1D,,A,,,,,,,99Q1=100,,,5,,4F0,,Pound sterling/Euro ECB reference exchange rate,"ECB reference exchange rate, Pound sterling/Euro, 2.15 pm (C.E.T.)",GBP,0
252,EXR.D.GBP.EUR.SP00.A,D,GBP,EUR,SP00,A,2017-12-27,0.88593,A,F,,,P1D,,A,,,,,,,99Q1=100,,,5,,4F0,,Pound sterling/Euro ECB reference exchange rate,"ECB reference exchange rate, Pound sterling/Euro, 2.15 pm (C.E.T.)",GBP,0
253,EXR.D.GBP.EUR.SP00.A,D,GBP,EUR,SP00,A,2017-12-28,0.88768,A,F,,,P1D,,A,,,,,,,99Q1=100,,,5,,4F0,,Pound sterling/Euro ECB reference exchange rate,"ECB reference exchange rate, Pound sterling/Euro, 2.15 pm (C.E.T.)",GBP,0
254,EXR.D.GBP.EUR.SP00.A,D,GBP,EUR,SP00,A,2017-12-29,0.88723,A,F,,,P1D,,A,,,,,,,99Q1=100,,,5,,4F0,,Pound sterling/Euro ECB reference exchange rate,"ECB reference exchange rate, Pound sterling/Euro, 2.15 pm (C.E.T.)",GBP,0
